sequence,scoring_function,replica_num,temp_shelf,sim_step,edesired_minus_mfe,mfe,edesired,mcc,mfe_ss,subopt_e,esubopt_minus_mfe,sln_mfe,recall,precision,edesired2,edesired2_minus_mfe,dimer_mfe
GGGCAGGGGCUCAAACA&GGGCAGGGGCUCAAACA,-0.40022850036621094,3,150.0,1500,-0.40022850036621094,-12.799771308898926,-13.199999809265137,0.0,((((....((((.....&))))....)))).....,0,0,0,0.0,0.0,0,0,0
GACAGGAAUGUCUAAGA&GACAGGAAUGUCUAAGA,-0.3991069793701172,7,134.444,200,-0.3991069793701172,-9.80089282989502,-10.199999809265137,0.0,((((....((((.....&))))....)))).....,0,0,0,0.0,0.0,0,0,0
GGGGUCCUCCCCGACGC&GGGGUCCUCCCCGACGC,-0.3982810974121094,6,87.778,500,-0.3982810974121094,-17.801719665527344,-18.200000762939453,0.0,((((....((((.....&))))....)))).....,0,0,0,0.0,0.0,0,0,0
CCUAAAAGUAGGGCUGA&CCUAAAAGUAGGGCUGA,-0.3833770751953125,8,103.333,5600,-0.3833770751953125,-10.016622543334961,-10.399999618530273,0.0,((((....((((.....&))))....)))).....,0,0,0,0.0,0.0,0,0,0
CCUAAGAGUAGGGACGG&CCUAAGAGUAGGGACGG,-0.37715625762939453,8,72.222,300,-0.37715625762939453,-10.022843360900879,-10.399999618530273,0.0,((((....((((.....&))))....)))).....,0,0,0,0.0,0.0,0,0,0
GGUCAUUGGACCUACAU&GGUCAUUGGACCUACAU,-0.3749666213989258,3,134.444,900,-0.3749666213989258,-13.625033378601074,-14.0,0.0,((((....((((.....&))))....)))).....,0,0,0,0.0,0.0,0,0,0
GGGGAACACCCCUACUC&GGGGAACACCCCUACUC,-0.37142467498779297,6,72.222,100,-0.37142467498779297,-15.42857551574707,-15.800000190734863,0.0,((((....((((.....&))))....)))).....,0,0,0,0.0,0.0,0,0,0
GACGAUUGCGUCUAGGA&GACGAUUGCGUCUAGGA,-0.3708915710449219,7,134.444,500,-0.3708915710449219,-11.829108238220215,-12.199999809265137,0.0,((((....((((.....&))))....)))).....,0,0,0,0.0,0.0,0,0,0
GGGGUAAUCCCCGAAUA&GGGGUAAUCCCCGAAUA,-0.3675708770751953,6,56.667,200,-0.3675708770751953,-17.832429885864258,-18.200000762939453,0.0,((((....((((.....&))))....)))).....,0,0,0,0.0,0.0,0,0,0
GGGGUAAUCCCCGACUA&GGGGUAAUCCCCGACUA,-0.36622047424316406,6,72.222,400,-0.36622047424316406,-17.83378028869629,-18.200000762939453,0.0,((((....((((.....&))))....)))).....,0,0,0,0.0,0.0,0,0,0
