sequence,scoring_function,replica_num,temp_shelf,sim_step,edesired_minus_mfe,mfe,edesired,mcc,mfe_ss,subopt_e,esubopt_minus_mfe,sln_mfe,recall,precision,edesired2,edesired2_minus_mfe,dimer_mfe
GUAGAGACCAUGCAACCUCUACAACAGCUGCACCAC,0.03653144836425781,2,10,4200,0.03653144836425781,-6.836531639099121,-6.800000190734863,0.0,((((((....[[[[..))))))......]]]]....,0,0,0,0.0,0.0,0,0,0
GUGACGGAACCUUGAACGUCACUAGAUACAAGCAAC,0.03734111785888672,3,10,4700,0.03734111785888672,-8.43734073638916,-8.399999618530273,0.0,((((((....[[[[..))))))......]]]]....,0,0,0,0.0,0.0,0,0,0
GUAGGCUCCUUGCUACGCCUACACCUACAGCACAAC,0.03769397735595703,2,10,4100,0.03769397735595703,-8.93769359588623,-8.899999618530273,0.0,((((((....[[[[..))))))......]]]]....,0,0,0,0.0,0.0,0,0,0
GGGAACUUCCUAGCUCGUUCCCAAUUUUGCUACUAA,0.039031028747558594,4,41.111,1900,0.039031028747558594,-8.739030838012695,-8.699999809265137,0.0,((((((....[[[[..))))))......]]]]....,0,0,0,0.0,0.0,0,0,0
GACCUAGGAAGAUGGAUAGGUCUCACCACAUUAUUA,0.04183340072631836,3,10,5500,0.04183340072631836,-7.141833305358887,-7.099999904632568,0.0,((((((....[[[[..))))))......]]]]....,0,0,0,0.0,0.0,0,0,0
GGCACGUCCCUGCUCUCGUGUCAAUAAAAGCAAUCG,0.04247283935546875,5,103.333,4000,0.04247283935546875,-7.4424729347229,-7.400000095367432,0.0,((((((....[[[[..))))))......]]]]....,0,0,0,0.0,0.0,0,0,0
GCGCCGGAAACCCGGACGGCGCGAAAAACGGGGAAA,0.05122661590576172,10,150.0,0,0.05122661590576172,-12.551226615905762,-12.5,0.0,((((((....[[[[..))))))......]]]]....,0,0,0,0.0,0.0,0,0,0
GUGCUUGAAGCUAGAAAAGCACUAUACCCUAGAACG,0.05267143249511719,3,10,5300,0.05267143249511719,-6.8526716232299805,-6.800000190734863,0.0,((((((....[[[[..))))))......]]]]....,0,0,0,0.0,0.0,0,0,0
GCCAGCGUUAUCGGUAGCUGGCUAUUCUCCGACCUU,0.054625511169433594,6,56.667,200,0.054625511169433594,-11.25462532043457,-11.199999809265137,0.0,((((((....[[[[..))))))......]]]]....,0,0,0,0.0,0.0,0,0,0
GGUAUCAAGUUCUAGAGAUGCCAAGCUAUAGAUUAU,0.06667613983154297,4,25.556,1700,0.06667613983154297,-7.066676139831543,-7.0,0.0,((((((....[[[[..))))))......]]]]....,0,0,0,0.0,0.0,0,0,0
