sequence,scoring_function,replica_num,temp_shelf,sim_step,edesired_minus_mfe,mfe,edesired,mcc,mfe_ss,subopt_e,esubopt_minus_mfe,sln_mfe,recall,precision,edesired2,edesired2_minus_mfe,dimer_mfe
GCCCCGGCCCCCGGCGAAAGCCGGUGGAGGCGGGGC,0.014522552490234375,10,150.0,0,0.014522552490234375,-32.11452102661133,-32.099998474121094,0.0,((((((.((((((((....))))).)).).)))))),0,0,0,0.0,0.0,0,0,0
GCGGCUGCUCCUCAGGAACCUGGGCGACGGAGUCGC,0.026338577270507812,5,10,9900,0.026338577270507812,-18.22633934020996,-18.200000762939453,0.0,((((((.((((((((....))))).)).).)))))),0,0,0,0.0,0.0,0,0,0
GCUCUAGCCGGGGAGACAUCUCCCGCGAGGUGGAGC,0.027807235717773438,7,10,3300,0.027807235717773438,-21.027807235717773,-21.0,0.0,((((((.((((((((....))))).)).).)))))),0,0,0,0.0,0.0,0,0,0
GCUAAGGCCCCUGACUACUGUCAGCGGAGGCUUAGC,0.032138824462890625,7,10,2200,0.032138824462890625,-19.432138442993164,-19.399999618530273,0.0,((((((.((((((((....))))).)).).)))))),0,0,0,0.0,0.0,0,0,0
GGACGAGGCCCGGACCCCGGUCCGCGGACGUCGUCC,0.03310585021972656,7,72.222,3800,0.03310585021972656,-23.73310661315918,-23.700000762939453,0.0,((((((.((((((((....))))).)).).)))))),0,0,0,0.0,0.0,0,0,0
GCCGUGGCCCCAUGGAUUUCCAUGAGGAGGCGCGGC,0.03381156921386719,4,10,5500,0.03381156921386719,-22.533811569213867,-22.5,0.0,((((((.((((((((....))))).)).).)))))),0,0,0,0.0,0.0,0,0,0
GCGGCAGCACAUCAGGGGCCUGGUCGUAGGUGCCGC,0.03403663635253906,1,118.889,2600,0.03403663635253906,-18.834035873413086,-18.799999237060547,0.0,((((((.((((((((....))))).)).).)))))),0,0,0,0.0,0.0,0,0,0
GGUAUAGCUCAGGACGAAAGUCCUCGACGGUAUACC,0.03431129455566406,9,10,10800,0.03431129455566406,-18.83431053161621,-18.799999237060547,0.0,((((((.((((((((....))))).)).).)))))),0,0,0,0.0,0.0,0,0,0
GCUGGCACCACAGCCCACGGGCUGCUGCGCGCCAGC,0.03600120544433594,7,10,6700,0.03600120544433594,-22.93600082397461,-22.899999618530273,0.0,((((((.((((((((....))))).)).).)))))),0,0,0,0.0,0.0,0,0,0
GGUGUGGCCCCAUGCGUUAGCAUGUGGAGGCAUACC,0.036468505859375,4,10,3100,0.036468505859375,-19.736469268798828,-19.700000762939453,0.0,((((((.((((((((....))))).)).).)))))),0,0,0,0.0,0.0,0,0,0
