sequence,scoring_function,replica_num,temp_shelf,sim_step,edesired_minus_mfe,mfe,edesired,mcc,mfe_ss,subopt_e,esubopt_minus_mfe,sln_mfe,recall,precision,edesired2,edesired2_minus_mfe,dimer_mfe
GAGGGGCGUGUUUGUUCGAAUAAGUCGUCACCCUUC,4.837305903434753,5,25.556,1400,0.5186529159545898,-10.01865291595459,-9.5,0.0,((((((.((((((((....))))).)).).)))))),0,0,0,0.0,0.0,-5.699999928474426,4.318652987480164,0
GAGGGGCGUGUUUGUCCGAAUAAGUCGUCACCCUUC,4.789898753166199,5,10,11000,0.5449495315551758,-9.94494915008545,-9.399999618530273,0.0,((((((.((((((((....))))).)).).)))))),0,0,0,0.0,0.0,-5.699999928474426,4.244949221611023,0
CCUUAGAGAGCUGGCAACAGUCAGACUGCAUUGGGG,6.846365213394165,4,56.667,11000,0.548182487487793,-11.348182678222656,-10.800000190734863,0.0,((((((.((((((((....))))).)).).)))))),0,0,0,0.0,0.0,-5.049999952316284,6.298182725906372,0
CUUAAGCGCGCCUGCAAAGGUAGGACGACUUUUAGG,8.452170848846436,2,103.333,11000,0.5510854721069336,-11.25108528137207,-10.699999809265137,0.0,((((((.((((((((....))))).)).).)))))),0,0,0,0.0,0.0,-3.3499999046325684,7.901085376739502,0
GAAUUCACACAUUUAUAGAUAAAUCGUAGAGAAUUU,11.302698373794556,9,134.444,300,0.5513491630554199,-3.9513492584228516,-3.4000000953674316,0.0,((((((.((((((((....))))).)).).)))))),0,0,0,0.0,0.0,6.799999952316284,10.751349210739136,0
CUUGAGCGCGCCUGCAAAGGUAGGACGACUUUUAGG,8.21557331085205,2,118.889,3100,0.5827865600585938,-11.382786750793457,-10.800000190734863,0.0,((((((.((((((((....))))).)).).)))))),0,0,0,0.0,0.0,-3.75,7.632786750793457,0
GAAUUCACACAUUUACAGAUAAAUCGUCGAGAAUUU,11.204035758972168,9,118.889,11000,0.602017879486084,-3.8020179271698,-3.200000047683716,0.0,((((((.((((((((....))))).)).).)))))),0,0,0,0.0,0.0,6.799999952316284,10.602017879486084,0
GAAUCCACACGUGUGAGCACGCAUAGUCGAGGGUUU,9.594983696937561,10,150.0,11000,0.6224918365478516,-9.122491836547852,-8.5,0.0,((((((.((((((((....))))).)).).)))))),0,0,0,0.0,0.0,-0.1499999761581421,8.97249186038971,0
CUUUAGCGCGCCUGCAAAGGUAGGACGACUUUGAGG,8.340245246887207,2,56.667,300,0.6451225280761719,-11.445122718811035,-10.800000190734863,0.0,((((((.((((((((....))))).)).).)))))),0,0,0,0.0,0.0,-3.75,7.695122718811035,0
AAAAUCACACAAUGAGAGUUUAUUAGUAGCGGUUUU,9.238023519515991,3,118.889,1300,0.7190117835998535,-3.5190117359161377,-2.799999952316284,0.0,((((((.((((((((....))))).)).).)))))),0,0,0,0.0,0.0,5.0,8.519011735916138,0
