sequence,scoring_function,replica_num,temp_shelf,sim_step,edesired_minus_mfe,mfe,edesired,mcc,mfe_ss,subopt_e,esubopt_minus_mfe,sln_mfe,recall,precision,edesired2,edesired2_minus_mfe,dimer_mfe
GGUGACACCGACGGCUACUGCCGUACGUGCGUCACC,0.04352569580078125,4,10,400,0.04352569580078125,-20.843524932861328,-20.799999237060547,0.0,((((((.((((((((....))))).)).).)))))),0,0,0,0.0,0.0,0,0,0
GAACACACCGACGGCCAUGGCCGUACGUGCGUGUUC,0.04433631896972656,4,10,500,0.04433631896972656,-19.344335556030273,-19.299999237060547,0.0,((((((.((((((((....))))).)).).)))))),0,0,0,0.0,0.0,0,0,0
GCCAACACCUCGAGCCACGGUUUGCAGUGCGUUGGC,0.05169105529785156,7,10,2100,0.05169105529785156,-15.651691436767578,-15.600000381469727,0.0,((((((.((((((((....))))).)).).)))))),0,0,0,0.0,0.0,0,0,0
GGGUUGUCCGAGGGGGGGACCCCUACGCGUCAGCCC,0.062122344970703125,4,10,800,0.062122344970703125,-24.86212158203125,-24.799999237060547,0.0,((((((.((((((((....))))).)).).)))))),0,0,0,0.0,0.0,0,0,0
GGCCCCACCAUUCAGCACGCUGAGCUGCGCGGGGCC,0.06317520141601562,7,10,2000,0.06317520141601562,-20.26317596435547,-20.200000762939453,0.0,((((((.((((((((....))))).)).).)))))),0,0,0,0.0,0.0,0,0,0
GGUCUGUCCGAGGUCUAUUGAUCUGCGCGUCAGACC,0.06397056579589844,4,10,5900,0.06397056579589844,-17.163970947265625,-17.100000381469727,0.0,((((((.((((((((....))))).)).).)))))),0,0,0,0.0,0.0,0,0,0
GGUCGGUCCGAGUACGCUAGUACUGCGUGUCCGACC,0.06429481506347656,6,56.667,2700,0.06429481506347656,-19.26429557800293,-19.200000762939453,0.0,((((((.((((((((....))))).)).).)))))),0,0,0,0.0,0.0,0,0,0
GCCACCUCCGGGAGGCCCGCUUCCACGUGCGGUGGC,0.06473350524902344,7,10,4300,0.06473350524902344,-20.964733123779297,-20.899999618530273,0.0,((((((.((((((((....))))).)).).)))))),0,0,0,0.0,0.0,0,0,0
GCCCACUCCGGAUGCUCCUGCGUCGCGUGCGUGGGC,0.06477928161621094,7,10,4800,0.06477928161621094,-20.764780044555664,-20.700000762939453,0.0,((((((.((((((((....))))).)).).)))))),0,0,0,0.0,0.0,0,0,0
GCCUACUCCGGCAGGCCAGCUUGCGCGUGCGUGGGC,0.06583786010742188,7,10,4600,0.06583786010742188,-18.465837478637695,-18.399999618530273,0.0,((((((.((((((((....))))).)).).)))))),0,0,0,0.0,0.0,0,0,0
