sequence,scoring_function,replica_num,temp_shelf,sim_step,edesired_minus_mfe,mfe,edesired,mcc,mfe_ss,subopt_e,esubopt_minus_mfe,sln_mfe,recall,precision,edesired2,edesired2_minus_mfe,dimer_mfe
GCGAGGCGCGAGAGCAU&GCCGGGAGGCUCGCCCGC,0.020132064819335938,6,10,5500,0.020132064819335938,-19.92013168334961,-19.899999618530273,0.0,(((.(((((....))..&(((....)))..)))))),0,0,0,0.0,0.0,0,0,0
GCGUGAGGGGCAACCGU&GGGGAGACCCAUCUCCGC,0.026548385620117188,2,134.444,5500,0.026548385620117188,-19.526548385620117,-19.5,0.0,(((.(((((....))..&(((....)))..)))))),0,0,0,0.0,0.0,0,0,0
GCUACUCGGGAGACCUC&GCCGGAAGGCAUGAGAGC,0.03045654296875,9,10,1800,0.03045654296875,-18.830455780029297,-18.799999237060547,0.0,(((.(((((....))..&(((....)))..)))))),0,0,0,0.0,0.0,0,0,0
GGGUGGCGGGAGACCUC&GACGGGAGUCAGGCCCCC,0.031658172607421875,6,10,5600,0.031658172607421875,-19.431657791137695,-19.399999618530273,0.0,(((.(((((....))..&(((....)))..)))))),0,0,0,0.0,0.0,0,0,0
GGGCAUCGCGGGAGCAU&GACGAAAGUCUAGAUCCC,0.032688140869140625,6,56.667,200,0.032688140869140625,-15.432687759399414,-15.399999618530273,0.0,(((.(((((....))..&(((....)))..)))))),0,0,0,0.0,0.0,0,0,0
GGGACGCGCGGGAGCUA&GCUGGAAAGCAUGCGCCC,0.03581809997558594,9,10,2700,0.03581809997558594,-17.135818481445312,-17.100000381469727,0.0,(((.(((((....))..&(((....)))..)))))),0,0,0,0.0,0.0,0,0,0
GGCACGCGCGGGAGCUA&GCCGGUAGGCAUGCGGCC,0.03964996337890625,9,10,2500,0.03964996337890625,-17.639650344848633,-17.600000381469727,0.0,(((.(((((....))..&(((....)))..)))))),0,0,0,0.0,0.0,0,0,0
GGCACUCGCGGAAGCAG&CACGCAAGUGAGGAGGCC,0.03977012634277344,4,10,1400,0.03977012634277344,-18.33976936340332,-18.299999237060547,0.0,(((.(((((....))..&(((....)))..)))))),0,0,0,0.0,0.0,0,0,0
GCUGCGGGGGUGACCGU&CUCGUGAGGGAUCCGAGC,0.040348052978515625,4,10,1100,0.040348052978515625,-16.24034881591797,-16.200000762939453,0.0,(((.(((((....))..&(((....)))..)))))),0,0,0,0.0,0.0,0,0,0
GGGACUCGGGGGACCUC&CCCGCAAGGGAUGGGCCC,0.0429534912109375,9,10,2600,0.0429534912109375,-19.342952728271484,-19.299999237060547,0.0,(((.(((((....))..&(((....)))..)))))),0,0,0,0.0,0.0,0,0,0
