sequence,scoring_function,replica_num,temp_shelf,sim_step,edesired_minus_mfe,mfe,edesired,mcc,mfe_ss,subopt_e,esubopt_minus_mfe,sln_mfe,recall,precision,edesired2,edesired2_minus_mfe,dimer_mfe
GCUACUCGGGAGACCUC&GCCGGAAGGCAUGAGAGC,0.03045654296875,9,10,1800,0.03045654296875,-18.830455780029297,-18.799999237060547,0.0,(((.(((((....))..&(((....)))..)))))),0,0,0,0.0,0.0,0,0,0
GGGCAUCGCGGGAGCAU&GACGAAAGUCUAGAUCCC,0.032688140869140625,6,56.667,200,0.032688140869140625,-15.432687759399414,-15.399999618530273,0.0,(((.(((((....))..&(((....)))..)))))),0,0,0,0.0,0.0,0,0,0
GGGACGCGCGGGAGCUA&GCUGGAAAGCAUGCGCCC,0.03581809997558594,9,10,2700,0.03581809997558594,-17.135818481445312,-17.100000381469727,0.0,(((.(((((....))..&(((....)))..)))))),0,0,0,0.0,0.0,0,0,0
GGCACGCGCGGGAGCUA&GCCGGUAGGCAUGCGGCC,0.03964996337890625,9,10,2500,0.03964996337890625,-17.639650344848633,-17.600000381469727,0.0,(((.(((((....))..&(((....)))..)))))),0,0,0,0.0,0.0,0,0,0
GGCACUCGCGGAAGCAG&CACGCAAGUGAGGAGGCC,0.03977012634277344,4,10,1400,0.03977012634277344,-18.33976936340332,-18.299999237060547,0.0,(((.(((((....))..&(((....)))..)))))),0,0,0,0.0,0.0,0,0,0
GCUGCGGGGGUGACCGU&CUCGUGAGGGAUCCGAGC,0.040348052978515625,4,10,1100,0.040348052978515625,-16.24034881591797,-16.200000762939453,0.0,(((.(((((....))..&(((....)))..)))))),0,0,0,0.0,0.0,0,0,0
GGGACUCGGGGGACCUC&CCCGCAAGGGAUGGGCCC,0.0429534912109375,9,10,2600,0.0429534912109375,-19.342952728271484,-19.299999237060547,0.0,(((.(((((....))..&(((....)))..)))))),0,0,0,0.0,0.0,0,0,0
GGUGCUGGCGCGAGCAU&CUCGGAAGAGAUCAGACC,0.04397392272949219,4,10,1300,0.04397392272949219,-15.043973922729492,-15.0,0.0,(((.(((((....))..&(((....)))..)))))),0,0,0,0.0,0.0,0,0,0
GCUACUCGCGCAAGCCG&CUCGGAAGAGAUGAGAGC,0.044612884521484375,4,10,400,0.044612884521484375,-15.544612884521484,-15.5,0.0,(((.(((((....))..&(((....)))..)))))),0,0,0,0.0,0.0,0,0,0
GCGAGUCCCGGAAGGAG&CGCGGAAGUGAUGACCGC,0.049263954162597656,4,10,700,0.049263954162597656,-15.549263954162598,-15.5,0.0,(((.(((((....))..&(((....)))..)))))),0,0,0,0.0,0.0,0,0,0
